E (keV),ETel1,ETel2,ETel3,ETel4,ETel5
20.00000000000000,0.000000000000000,0.000000000000000,0.000000000000000,0.000000000000000,0.000000000000000
20.25013559846932,0.000000000000000,0.000000000000000,0.000000000000000,0.000000000000000,0.000000000000000
20.50339958781970,0.000000000000000,0.000000000000000,0.000000000000000,0.000000000000000,0.000000000000000
20.75983109414745,0.000000000000000,0.000000000000000,0.000000000000000,0.000000000000000,0.000000000000000
21.01946973289027,0.000000000000000,0.000000000000000,0.000000000000000,0.000000000000000,0.000000000000000
21.28235561494747,0.000000000000000,0.000000000000000,0.000000000000000,0.000000000000000,0.000000000000000
21.54852935287655,0.000000000000000,0.000000000000000,0.000000000000000,0.000000000000000,0.000000000000000
21.81803206716732,0.000000000000000,0.000000000000000,0.000000000000000,0.000000000000000,0.000000000000000
22.09090539259449,0.000000000000000,0.000000000000000,0.000000000000000,0.000000000000000,0.000000000000000
22.36719148464978,0.000000000000000,0.000000000000000,0.000000000000000,0.000000000000000,0.000000000000000
22.64693302605431,0.000000000000000,0.000000000000000,0.000000000000000,0.000000000000000,0.000000000000000
22.93017323335263,0.000000000000000,0.000000000000000,0.000000000000000,0.000000000000000,0.000000000000000
23.21695586358912,0.000000000000000,0.000000000000000,0.000000000000000,0.000000000000000,0.000000000000000
23.50732522106785,0.000000000000000,0.000000000000000,0.000000000000000,0.000000000000000,0.000000000000000
23.80132616419708,0.000000000000000,0.000000000000000,0.000000000000000,0.000000000000000,0.000000000000000
24.09900411241931,0.000000000000000,0.000000000000000,0.000000000000000,0.000000000000000,0.000000000000000
24.40040505322803,0.000000000000000,0.000000000000000,0.000000000000000,0.000000000000000,0.000000000000000
24.70557554927218,0.000000000000000,0.000000000000000,0.000000000000000,0.000000000000000,0.000000000000000
25.01456274554948,0.000000000000000,0.000000000000000,0.000000000000000,0.000000000000000,0.000000000000000
25.32741437668979,0.000000000000000,0.000000000000000,0.000000000000000,0.000000000000000,0.000000000000000
25.64417877432947,0.000000000000000,0.000000000000000,0.000000000000000,0.000000000000000,0.000000000000000
25.96490487457801,0.000000000000000,0.000000000000000,0.000000000000000,0.000000000000000,0.000000000000000
26.28964222557808,0.000000000000000,0.000000000000000,0.000000000000000,0.000000000000000,0.000000000000000
26.61844099516004,0.000000000000000,0.000000000000000,0.000000000000000,0.000000000000000,0.000000000000000
26.95135197859226,0.000000000000000,0.000000000000000,0.000000000000000,0.000000000000000,0.000000000000000
27.28842660642837,0.000000000000000,0.000000000000000,0.000000000000000,0.000000000000000,0.000000000000000
27.62971695245262,0.000000000000000,0.000000000000000,0.000000000000000,0.000000000000000,0.000000000000000
27.97527574172458,0.000000000000000,0.000000000000000,0.000000000000000,0.000000000000000,0.000000000000000
28.32515635872461,0.000000000000000,0.000000000000000,0.000000000000000,0.000000000000000,0.000000000000000
28.67941285560093,0.000000000000000,0.000000000000000,0.000000000000000,0.000000000000000,0.000000000000000
29.03809996052014,0.000000000000000,0.000000000000000,0.000000000000000,0.000000000000000,0.000000000000000
29.40127308612196,0.000000000000000,0.000000000000000,0.000000000000000,0.000000000000000,0.000000000000000
29.76898833807981,0.000000000000000,0.000000000000000,0.000000000000000,0.000000000000000,0.000000000000000
30.14130252376838,0.000000000000000,0.000000000000000,0.000000000000000,0.000000000000000,0.000000000000000
30.51827316103975,0.000000000000000,0.000000000000000,0.000000000000000,0.000000000000000,0.000000000000000
30.89995848710909,0.000000000000000,0.000000000000000,0.000000000000000,0.000000000000000,0.000000000000000
31.28641746755158,0.000000000000000,0.000000000000000,0.000000000000000,0.000000000000000,0.000000000000000
31.67770980541192,0.000000000000000,0.000000000000000,0.000000000000000,0.000000000000000,0.000000000000000
32.07389595042763,0.000000000000000,0.000000000000000,0.000000000000000,0.000000000000000,0.000000000000000
32.47503710836776,0.000000000000000,0.000000000000000,0.000000000000000,0.000000000000000,0.000000000000000
32.88119525048849,0.000000000000000,0.000000000000000,0.000000000000000,0.000000000000000,0.000000000000000
33.29243312310686,0.000000000000000,0.000000000000000,0.000000000000000,0.000000000000000,0.000000000000000
33.70881425729424,0.000000000000000,0.000000000000000,0.000000000000000,0.000000000000000,0.000000000000000
34.13040297869121,0.000000000000000,0.000000000000000,0.000000000000000,0.000000000000000,0.000000000000000
34.55726441744490,0.000000000000000,0.000000000000000,0.000000000000000,0.000000000000000,0.000000000000000
34.98946451827090,0.000000000000000,0.000000000000000,0.000000000000000,0.000000000000000,0.000000000000000
35.42707005064081,0.000000000000000,0.000000000000000,0.000000000000000,0.000000000000000,0.000000000000000
35.87014861909739,0.000000000000000,0.000000000000000,0.000000000000000,0.000000000000000,0.000000000000000
36.31876867369843,0.000000000000000,0.000000000000000,0.000000000000000,0.000000000000000,0.000000000000000
36.77299952059164,0.000000000000000,0.000000000000000,0.000000000000000,0.000000000000000,0.000000000000000
37.23291133272139,0.000000000000000,0.000000000000000,0.000000000000000,0.000000000000000,0.000000000000000
37.69857516066966,0.000000000000000,0.000000000000000,0.000000000000000,0.000000000000000,0.000000000000000
38.17006294363237,0.000000000000000,0.000000000000000,0.000000000000000,0.000000000000000,0.000000000000000
38.64744752053321,0.000000000000000,0.000000000000000,0.000000000000000,0.000000000000000,0.000000000000000
39.13080264127622,0.000000000000000,0.000000000000000,0.000000000000000,0.000000000000000,0.000000000000000
39.62020297813921,0.000000000000000,0.000000000000000,0.000000000000000,0.000000000000000,0.000000000000000
40.11572413730985,6.644495117454812e-05,0.0001007105935485306,7.684502226427228e-05,0.000000000000000,0.0002005766128831670
40.61744267056564,6.852765036596314e-05,0.0001220657310507538,9.044841591610808e-05,0.000000000000000,0.0002468099257226633
41.12543608710040,8.003087013239915e-05,0.0001489226688957897,0.0001100747365965962,0.000000000000000,0.0002921825806357975
41.63978286549830,0.0001005393696432697,0.0001809691555266831,0.0001354477688578552,0.000000000000000,0.0003367733695677019
42.16056246585799,0.0001295900623455770,0.0002178599600247470,0.0001662600419860729,0.000000000000000,0.0003806691023232893
42.68785534206799,0.0001666692333151703,0.0002592149876678153,0.0002021710193255919,0.000000000000000,0.0004239650653860528
43.22174295423598,0.0002112096246314941,0.0003046173067499535,0.0002428052018665579,0.000000000000000,0.0004667655023965103
43.76230778127321,0.0002625873830761869,0.0003536110828440793,0.0002877501423965617,0.000000000000000,0.0005091841172239031
44.30963333363658,0.0003201188642218482,0.0004056994165324881,0.0003365543663648806,0.000000000000000,0.0005513446006031492
44.86380416622981,0.0003830572867337938,0.0004603420804674607,0.0003887251954499408,0.0002077056860557351,0.0005933811813488303
45.42490589146632,0.0004505892304545219,0.0005169531514549362,0.0004437264696564279,0.0002692020030468618,0.0006354392031994668
45.99302519249501,0.0005218309715773068,0.0005748985330781966,0.0005009761635976418,0.0003315342523435625,0.0006776757283883616
46.56824983659196,0.0005958246479417300,0.0006334933641956251,0.0005598438924412097,0.0003945040822151951,0.0007202601690821630
47.15066868871919,0.0006715342471992165,0.0006919993084562362,0.0006196483028115181,0.0004578974077593353,0.0007633749478747778
47.74037172525325,0.0007478414103008408,0.0007496217197789761,0.0006796543437503555,0.0005214835767571971,0.0008072161885727720
48.33745004788542,0.0008235410424519024,0.0008055066785360666,0.0007390704126375778,0.0005850144975117085,0.0008519944385587050
48.94199589769585,0.0008973367233579055,0.0008587378929668828,0.0007970453707661247,0.0006482237270599593,0.0008979354240711997
49.55410266940347,0.0009678359082539096,0.0009083334601265056,0.0008526654230498816,0.0007108255180864032,0.0009452808397949586
50.17386492579453,0.001033551149397028,0.0009533323959408671,0.0009050254044352743,0.0007725138227954393,0.0009941659160366165
50.80137841233114,0.001093474544113291,0.0009934704848792279,0.0009537886460155191,0.0008329612519312697,0.001044105667131183
51.43674007194287,0.001147600525984584,0.001028857563680540,0.0009989189150354386,0.0008918179870597356,0.001094376355642222
52.08004806000315,0.001196047387625268,0.001059623633880799,0.001040386488126162,0.0009487106441504762,0.001144198155177316
52.73140175949313,0.001238953212718070,0.001085917310232856,0.001078166319863928,0.001003241086418539,0.001192732250572525
53.39090179635497,0.001276477097674434,0.001107906945309208,0.001112238405196286,0.001054985184302121,0.001239077739997571
54.05865005503733,0.001308800432591567,0.001125781808254092,0.001142588160768422,0.001103491520367546,0.001282268396328014
54.73474969423534,0.001336128244096454,0.001139753320041041,0.001169206826002788,0.001148279929554353,0.001321270351299736
55.41930516282713,0.001358690602774227,0.001150056347689344,0.001192091884821169,0.001188816507167881,0.001355213601136225
56.11242221601000,0.001376744097989659,0.001156950559993855,0.001211247508935640,0.001224479940605473,0.001383709217610098
56.81420793163820,0.001390573383026329,0.001160721847427759,0.001226685023673719,0.001254602368370943,0.001406422857093221
57.52477072676523,0.001400492793588463,0.001161683808987175,0.001238423397343454,0.001278474387269979,0.001423004795310365
58.24422037439268,0.001406848042835745,0.001160179308860171,0.001246489755186232,0.001295343016954955,0.001433089282189086
58.97266802042905,0.001410017996251603,0.001156582105920971,0.001250919919008850,0.001304409575002833,0.001436293870751187
59.71022620086017,0.001410416529780987,0.001151298188715773,0.001251759435896823,0.001304858330764051,0.001432219060574724
60.45700885913469,0.001408463144248057,0.001144595296049958,0.001249279127632499,0.001296920967846583,0.001420606394009266
61.21313136376688,0.001404155626395520,0.001136310499376247,0.001244342929629723,0.001282240545186145,0.001401609022787086
61.97871052615972,0.001397146040272536,0.001126197375598381,0.001237977772509537,0.001262686036940316,0.001375472640360435
62.75386461865055,0.001387055604443291,0.001113993537347560,0.001231292551798346,0.001240279519153553,0.001342474287635786
63.53871339278299,0.001373481542538845,0.001099419836376509,0.001225482507482594,0.001217204410483203,0.001302924207636521
64.33337809780669,0.001355995896711325,0.001082179531605332,0.001221833804111970,0.001195814091493889,0.001257167788704482
65.13798149940908,0.001334144288673944,0.001061957420344494,0.001221091490133339,0.001177987400593549,0.001205609285792475
65.95264789868094,0.001307444626145729,0.001038418931160931,0.001220717954702580,0.001162319535503877,0.001148807479607464
66.77750315131958,0.001275385752432113,0.001011209176791512,0.001216889702514126,0.001146175636578002,0.001087410091929595
67.61267468707163,0.001237426036781432,0.0009799519654439765,0.001205492763174923,0.001126716967817693,0.001022122412951769
68.45829152941972,0.001192991903062543,0.0009442487687587074,0.001182107897226880,0.001100890634724358,0.0009537104464387750
69.31448431551465,0.001141476294210386,0.0009036776457017745,0.001141994639425131,0.001065418330577163,0.0008830042172862372
70.18138531635731,0.001082241327458140,0.0008580323721204021,0.001081364414125052,0.001017456220326988,0.0008108943499890437
71.05912845723294,0.001015442974889616,0.0008080301661141980,0.001003261229622640,0.0009576540381076948,0.0007382876512279929
71.94784933840081,0.0009431063792776616,0.0007546763442181367,0.0009134201762469944,0.0008879950724247870,0.0006661352431010537
72.84768525604282,0.0008676700527441486,0.0006990593557262697,0.0008180419165974170,0.0008106337339135053,0.0005954600730315778
73.75877522347406,0.0007917658974796761,0.0006423552656226644,0.0007238158694745448,0.0007279039504780885,0.0005273608315255314
74.68125999261844,0.0007182295148936783,0.0005858324435854033,0.0006378433779617798,0.0006423288711589694,0.0004630199864075445
75.61528207575324,0.0006499562013848425,0.0005308564678229668,0.0005639564914062170,0.0005566310165690434,0.0004038551610333107
76.56098576752548,0.0005881585780811870,0.0004788952528589857,0.0005013814538051087,0.0004737428948922924,0.0003515776478908177
77.51851716724349,0.0005328528578777891,0.0004315244107520121,0.0004489468351045346,0.0003968181032114453,0.0003080310089799544
78.48802420144760,0.0004840211713473203,0.0003904328556223983,0.0004053719287748661,0.0003292429347354843,0.0002751855713595958
79.46965664676273,0.0004416322217176377,0.0003574001622878181,0.0003692701408074579,0.0002746296714398474,0.0002550891439006028
80.46356615303718,0.0004056340890029175,0.0003330147452185832,0.0003395708979800387,0.0002349848914355086,0.0002473548366695682
81.46990626677045,0.0003757842303389800,0.0003160375551276573,0.0003157266975913468,0.0002089885674491719,0.0002479111289671907
82.48883245483434,0.0003516148237188394,0.0003049809652519607,0.0002971833265280795,0.0001948203387540881,0.0002520840982871946
83.52050212849055,0.0003326013354865420,0.0002982315547784311,0.0002833340560746727,0.0001904977940092572,0.0002548315847928108
84.56507466770894,0.0003181692652457798,0.0002940432765045395,0.0002735167059336299,0.0001938675510953583,0.0002509618965085109
85.62271144578939,0.0003076913488341910,0.0002905303093766515,0.0002670105711595085,0.0002025959231779978,0.0002395652308957665
86.69357585429229,0.0003004846306298618,0.0002857775352026298,0.0002630332061321836,0.0002141591533270777,0.0002239692823841481
87.77783332828021,0.0002958073995892035,0.0002792295050835444,0.0002607370594548011,0.0002258331992997778,0.0002079235243916248
88.87565137187568,0.0002928559831862665,0.0002713359264518016,0.0002592275966541375,0.0002346830493446809,0.0001954683431318300
89.98719958413835,0.0002907613931853628,0.0002626040700200559,0.0002579963343096759,0.0002383669057517976,0.0001901373255403278
91.11264968526616,0.0002885860047490663,0.0002535818620977531,0.0002569333447966527,0.0002379208996209301,0.0001910696047753058
92.25217554312358,0.0002855769018000569,0.0002448600590463181,0.0002559372829963971,0.0002354306052016400,0.0001956711085477704
93.40595320010236,0.0002817039670274673,0.0002370745213458715,0.0002548988266135926,0.0002324609025015561,0.0002011387239320046
94.57416090031759,0.0002770832979573383,0.0002308869676131898,0.0002537002515374832,0.0002292253777002114,0.0002046779123961560
95.75697911714431,0.0002718412494501970,0.0002264759497759603,0.0002522149877890329,0.0002257643575795477,0.0002060238059679692
96.95459058109834,0.0002661149967963999,0.0002234747403248166,0.0002503071552311091,0.0002221216490417226,0.0002067236318619270
98.16718030806582,0.0002600531248971313,0.0002214598821880597,0.0002478310781853100,0.0002183447288464350,0.0002084778290761706
99.39493562788594,0.0002538162446443122,0.0002199733614584306,0.0002446477722899984,0.0002144849421106796,0.0002130331655678743
100.6380462132910,0.0002475748885525278,0.0002185207488345440,0.0002408258263196382,0.0002105977099442710,0.0002201451324005755
101.8967041092082,0.0002414517145317711,0.0002165692557069064,0.0002365909935559439,0.0002067427466096975,0.0002272863936356222
103.1711037624286,0.0002355183059877441,0.0002135457012619376,0.0002321901421551107,0.0002029842866106847,0.0002316257150937826
104.4614420516463,0.0002298488559436400,0.0002088661278876697,0.0002278894956421470,0.0001993913221303043,0.0002303140278808296
105.7679183178740,0.0002245227668857757,0.0002029437812664461,0.0002239756614813447,0.0001960378512565604,0.0002234246249407116
107.0907343952388,0.0002196249176689790,0.0001974857674415793,0.0002207567066311504,0.0001930031374511741,0.0002135781181610882
108.4300946421624,0.0002152459424088423,0.0001944053131386508,0.0002185632820740652,0.0001903719807357696,0.0002036740422328525
109.7862059729324,0.0002114825218640969,0.0001950037574138071,0.0002175506490624602,0.0001882171020288616,0.0001962619527916542
111.1592778896682,0.0002082244239848314,0.0001949880468773574,0.0002169355500517699,0.0001864811963116920,0.0001913484588062723
112.5495225146857,0.0002039881909772412,0.0001895894731560964,0.0002155912701587503,0.0001850402070232546,0.0001881224537242273
113.9571546232680,0.0001980717163832664,0.0001807723486571435,0.0002123050971542156,0.0001837596371920253,0.0001857069048810906
115.3823916768456,0.0001916790643118388,0.0001719358915463692,0.0002058052063501135,0.0001824942769454090,0.0001831554105830251
116.8254538565909,0.0001857811294628853,0.0001667424379856933,0.0001980134090076203,0.0001810876312674626,0.0001794485027201452
118.2865640974343,0.0001805465407349480,0.0001691313752492940,0.0001972084333684212,0.0001793713215542874,0.0001734897802477188
119.7659481225038,0.0001760588757763219,0.0001776574448154786,0.0002059875482378798,0.0001772043442803780,0.0001645962732111862
121.2638344779972,0.0001724065338774356,0.0001792342243908758,0.0002118427441502601,0.0001746026114661336,0.0001545786213374108
122.7804545684890,0.0001696002462617493,0.0001754559477398252,0.0002141631808924896,0.0001716277385653565,0.0001652465714611677
124.3160426926802,0.0001674477596313930,0.0001693865674659766,0.0002133759782241252,0.0001683467366538723,0.0001600218982867310
125.8708360795937,0.0001657105790366055,0.0001633415857393800,0.0002099468177378696,0.0001648323078820404,0.0001548770254530308
127.4450749252238,0.0001641309877914969,0.0001575960509768300,0.0002043820726602993,0.0001611631546318320,0.0001498145042998750
129.0390024296432,0.0001624310172753238,0.0001521444217828188,0.0001972310365827464,0.0001574243029310076,0.0001448368773909472
130.6528648345743,0.0001603113694929473,0.0001469801422659146,0.0001890882553503476,0.0001537074407314165,0.0001399466743489748
132.2869114614307,0.0001574502903888880,0.0001420955785311727,0.0001805958840879590,0.0001501112716831787,0.0001351464074215897
133.9413947498338,0.0001535023918277954,0.0001374819520722690,0.0001724211156042997,0.0001467418850622250,0.0001304385667646701
135.6165702966119,0.0001480974200693330,0.0001331292699275270,0.0001652206228160121,0.0001437131425354083,0.0001258256154293751
137.3126968952868,0.0001409256425057977,0.0001290262514583821,0.0001596909195902955,0.0001411470824751945,0.0001213099840384758
139.0300365760538,0.0001323690879705834,0.0001251602516029875,0.0001565794247832618,0.0001391743425648452,0.0001168940651369699
140.7688546462619,0.0001231927412421910,0.0001215171804515678,0.0001566871095381577,0.0001379346014650418,0.0001125802072012941
142.5294197314010,0.0001142241317619734,0.0001180814189838141,0.0001603629160472586,0.0001374367731901180,0.0001083707082907883
144.3120038166008,0.0001063543866736760,0.0001148357308020247,0.0001648859654775772,0.0001368363711869691,0.0001042678093243411
146.1168822886494,0.0001005415907149128,0.0001117611696868546,0.0001661602646183279,0.0001349027940710314,0.0001002736869644150
147.9443339785365,9.781429918893545e-05,0.0001088369827954253,0.0001597765571607808,0.0001303119743876934,9.639044608988127e-05
149.7946412045297,9.927521049358858e-05,0.0001060405093141362,0.0001409976728473884,0.0001216419755323110,9.262011183829034e-05
151.6680898157893,0.0001048815605626757,0.0001033470743708340,0.0001092481236282872,0.0001088767537599185,8.896462119737443e-05
153.5649692365278,7.601145778101342e-05,7.197855513284865e-05,6.873527599214545e-05,7.364812733360436e-05,8.542581412471086e-05
155.4855725107229,7.389544267006302e-05,6.997468863442011e-05,6.682175372146326e-05,7.159674082624631e-05,8.200542417357166e-05
157.4301963473886,7.186801409086178e-05,6.805471677902876e-05,6.498834148985017e-05,6.963126171567070e-05,7.870506860204588e-05
159.3991411664132,6.992905803097921e-05,6.621853163795211e-05,6.323493622960019e-05,6.775157992554753e-05,7.552623794154392e-05
161.3927111449710,6.807827185495761e-05,6.446584665398126e-05,6.156126430147657e-05,6.595740250557725e-05,7.247028499977342e-05
163.4112142645127,6.631515129007092e-05,6.279618431671368e-05,5.996686972591032e-05,6.424824101335669e-05,6.953841327222244e-05
165.4549623583453,6.463897675532510e-05,6.120886321588336e-05,5.845110182028978e-05,6.262339825946729e-05,6.673166473507488e-05
167.5242711598062,6.304879900447642e-05,5.970298444505396e-05,5.701310221591492e-05,6.108195438745110e-05,6.405090699134523e-05
169.6194603510409,6.154342405261945e-05,5.827741732683901e-05,5.565179122708157e-05,5.962275225915255e-05,6.149681974081872e-05
171.7408536123884,6.012139735463098e-05,5.693078442961637e-05,5.436585354361683e-05,5.824438211467654e-05,5.906988054314807e-05
173.8887786723867,5.878098720243055e-05,5.566144584444762e-05,5.315372321698799e-05,5.694516547492902e-05,5.677034984215713e-05
176.0635673584025,5.752016730664979e-05,5.446748268961776e-05,5.201356790887022e-05,5.572313825337845e-05,5.459825521806451e-05
178.2655556478944,5.633659852687033e-05,5.334667980885386e-05,5.094327236976200e-05,5.457603304228814e-05,5.255337483293764e-05
180.4950837203170,5.522760971310516e-05,5.229650762787501e-05,4.994042111389574e-05,5.350126053722990e-05,5.063522003323150e-05
182.7524960096745,5.419017761965254e-05,5.131410313246205e-05,4.900228025529178e-05,5.249589006218999e-05,4.884301707175342e-05
185.0381412577314,5.322090585084286e-05,5.039624992971218e-05,4.812577846835065e-05,5.155662915601955e-05,4.717568790981861e-05
187.3523725678890,5.231600279652729e-05,4.953935735256072e-05,4.730748703486558e-05,5.067980217936006e-05,4.563183005872132e-05
189.6955474597347,5.147125851341809e-05,4.873943856600485e-05,4.654359893776563e-05,4.986132789948887e-05,4.420969541794362e-05
192.0680279242750,5.068202050658003e-05,4.799208763175030e-05,4.582990696026203e-05,4.909669600877417e-05,4.290716806574567e-05
194.4701804798580,4.994316836349337e-05,4.729245548622241e-05,4.516178074737164e-05,4.838094253060742e-05,4.172174095594024e-05
196.9023762287961,4.924908719115089e-05,4.663522478502808e-05,4.453414278502035e-05,4.770862406478171e-05,4.065049147273198e-05
199.3649909146971,4.859363980461781e-05,4.601458356503054e-05,4.394144325009059e-05,4.707379082231466e-05,3.969005579350607e-05
201.8584049805110,4.797013761336849e-05,4.542419767319426e-05,4.337763368286431e-05,4.646995839766127e-05,3.883660200737490e-05
204.3830036273040,4.737131014951195e-05,4.485718190927400e-05,4.283613943132200e-05,4.589007822412995e-05,3.808580193512934e-05
206.9391768737677,4.678927317973309e-05,4.430606982725610e-05,4.230983081469116e-05,4.532650665609720e-05,3.743280159399663e-05
209.5273196164710,4.621549534039638e-05,4.376278213820769e-05,4.179099295148626e-05,4.477097261930970e-05,3.687219024826915e-05
212.1478316908679,4.564076323278589e-05,4.321859365484633e-05,4.127129419504496e-05,4.421454376816483e-05,3.639796798443826e-05
214.8011179330661,4.505514491288423e-05,4.266409871570836e-05,4.074175311724092e-05,4.364759108636711e-05,3.600351174694028e-05
217.4875882423691,4.444795170741869e-05,4.208917502426148e-05,4.019270397863476e-05,4.305975186476560e-05,3.568153976799352e-05
220.2076576446018,4.380769828512313e-05,4.148294583567408e-05,3.961376062081112e-05,4.243989098748184e-05,3.542407432227138e-05
222.9617463562248,4.312206090927443e-05,4.083374042121812e-05,3.899377871403647e-05,4.177606045463600e-05,3.522240273431524e-05
225.7502798492536,4.237783379455578e-05,4.012905273743415e-05,3.832081629065362e-05,4.105545706706390e-05,3.506703656363369e-05
228.5736889169889,4.156088348817676e-05,3.935549822423107e-05,3.758209249180545e-05,4.026437819539049e-05,3.494766888936281e-05
231.4324097405684,4.065610119193083e-05,3.849876865301516e-05,3.676394445214155e-05,3.938817555267413e-05,3.485312961316499e-05
234.3268839563510,3.964827517251705e-05,3.754445829953084e-05,3.585261621322943e-05,3.841210091021209e-05,3.477133869572150e-05
237.2575587241446,3.853371526796599e-05,3.648907236525713e-05,3.484477067460106e-05,3.733257501136802e-05,3.468925723871831e-05
240.2248867962863,3.731770653162203e-05,3.533761557412646e-05,3.374518694305549e-05,3.615471909748340e-05,3.459283632063220e-05
243.2293265875869,3.600630654687779e-05,3.409582421825772e-05,3.255934270697959e-05,3.488440312654498e-05,3.446696349088903e-05
246.2713422461507,3.460619508394208e-05,3.277002378172418e-05,3.129327828149666e-05,3.352810001898986e-05,3.429540682308205e-05
249.3514037250798,3.312470938866719e-05,3.136716235807033e-05,2.995362851922721e-05,3.209291985678746e-05,3.406075642390066e-05
252.4699868550766,3.156988112760930e-05,2.989484563623594e-05,2.854765621873828e-05,3.058664568762093e-05,3.374436329022215e-05
255.6275734179531,2.995047506046661e-05,2.836137352225922e-05,2.708328709501582e-05,2.901777100311662e-05,3.332627540245471e-05
258.8246512210611,2.827602951395198e-05,2.677577846688897e-05,2.556914637892755e-05,2.739553896289193e-05,3.278517093768255e-05
262.0617141726507,2.655689873418886e-05,2.514786557210664e-05,2.401459711538586e-05,2.572998343913095e-05,3.209828848144854e-05
265.3392623581739,2.480429719786524e-05,2.348825455253831e-05,2.242978023276482e-05,2.403197195944553e-05,3.124135411210450e-05
268.6578021175424,2.303034596565819e-05,2.180842363084107e-05,2.082565645908963e-05,2.231325062895662e-05,3.018850522656353e-05
272.0178461233485,2.124812116484830e-05,2.012075544937357e-05,1.921405016359743e-05,2.058649111583193e-05,2.891221097099067e-05
275.4199134600684,1.947170469157895e-05,1.843858508380956e-05,1.760769520546551e-05,1.886533978794249e-05,2.738318913445773e-05
278.8645297042535,1.771623722690156e-05,1.677625024784324e-05,1.602028287483632e-05,1.716446909187343e-05,2.557125744074952e-05
282.3522270057254,1.599797366457312e-05,1.514914378175796e-05,1.446651201472771e-05,1.549963126923087e-05,2.348273337723185e-05
285.8835441697865,1.433434105255071e-05,1.357376852139722e-05,1.296214141601437e-05,1.388771450904301e-05,2.117637410349217e-05
289.4590267404584,1.274399915426593e-05,1.206779464799549e-05,1.152404458140856e-05,1.234680163906328e-05,1.871942448679011e-05
293.0792270847619,1.124690374006141e-05,1.065011962339795e-05,1.017026695825579e-05,1.089623146295082e-05,1.618457310482445e-05
296.7447044780502,9.864372723643410e-06,9.340930819432637e-06,8.920085744005149e-06,9.556662854636412e-06,1.365024413432207e-05
300.4560251904111,8.619155263050787e-06,8.161770954598635e-06,7.794072372415065e-06,8.350141725685739e-06,1.120090262478819e-05
304.2137625741469,7.535503950474512e-06,7.135606455811437e-06,6.814157792927018e-06,7.300170986155845e-06,8.927373725663219e-06
308.0184971523512,6.639234566113463e-06,6.286884043830628e-06,6.003686504622745e-06,6.431768454797678e-06,6.927176458241615e-06
311.8708167085920,5.948505792135237e-06,5.632799493146500e-06,5.379078951708096e-06,5.762532043834078e-06,5.304872647746692e-06
315.7713163777179,5.457081631657175e-06,5.167447815063289e-06,4.934696273465829e-06,5.286420387873010e-06,4.172431655936845e-06
319.7205987377971,5.153590456560344e-06,4.880060804610052e-06,4.660255635873864e-06,4.992415630307057e-06,3.643321187259540e-06
323.7192739032095,5.025443881450342e-06,4.758718058112776e-06,4.544373942555941e-06,4.868320974818674e-06,3.726164442199846e-06
327.7679596189010,5.058766934351909e-06,4.790280848799940e-06,4.574504691019328e-06,4.900693026004067e-06,4.331319098132906e-06
331.8672813558181,5.238324932232280e-06,4.960322882066121e-06,4.736871849203814e-06,5.074770937214858e-06,5.358087396094990e-06
336.0178724075342,5.547446919396878e-06,5.253057795968785e-06,5.016400623976598e-06,5.374402228071890e-06,6.697240881181606e-06
340.2203739880865,5.967945520978186e-06,5.651263267019725e-06,5.396644987942372e-06,5.781965128463698e-06,8.230556983614218e-06
344.4754353310347,6.480033057683891e-06,6.136201575599024e-06,5.859711825462868e-06,6.278287299975563e-06,9.830334225626681e-06
348.7837137897597,7.062132984043712e-06,6.687441038741287e-06,6.386090418741752e-06,6.842463065110687e-06,1.135888514401883e-05
353.1458749390173,7.682718522980877e-06,7.275126865971574e-06,6.947272038066096e-06,7.443940169796725e-06,1.266800598113741e-05
357.5625926777594,8.293537001632008e-06,7.853564332387430e-06,7.499622637496196e-06,8.035950131475379e-06,1.359842226871861e-05
362.0345493332436,8.841204151915437e-06,8.372199074360301e-06,7.994867716563893e-06,8.566750197918314e-06,1.402112290531448e-05
366.5624357664456,9.268320685305188e-06,8.776674542699899e-06,8.381102056903764e-06,8.980706054947569e-06,1.396175986613252e-05
371.1469514787861,9.518899766522373e-06,9.013971773472757e-06,8.607697679674516e-06,9.223552941310734e-06,1.348880463782964e-05
375.7888047201965,9.576150768477150e-06,9.068190277259903e-06,8.659470954408258e-06,9.279021167038559e-06,1.267675666105811e-05
380.4887125985343,9.442366947749152e-06,8.941501842029520e-06,8.538495417016074e-06,9.149340351994643e-06,1.160647412580583e-05
385.2474011903670,9.120458887218823e-06,8.636662863272530e-06,8.247402822759557e-06,8.837338981723412e-06,1.036552009037414e-05
390.0656056531420,8.614874836342568e-06,8.157885883469629e-06,7.790215396967117e-06,8.347336117731463e-06,9.048524577965942e-06
394.9440703387593,7.950734667954124e-06,7.528958991887382e-06,7.189648411554177e-06,7.703680267016124e-06,7.757563331539755e-06
399.8835489085640,7.174179760634252e-06,6.793577155598889e-06,6.487426577711298e-06,6.951088424114275e-06,6.600206794407876e-06
404.8848044497774,6.335830713763201e-06,5.999677072477152e-06,5.729325080705559e-06,6.138618348473443e-06,5.631865453427486e-06
409.9486095933863,5.490326857251309e-06,5.199001098801501e-06,4.964753163468352e-06,5.319222443025140e-06,4.847402768342174e-06
415.0757466335016,4.696540604281935e-06,4.447300237081525e-06,4.246947961507993e-06,4.549955488096291e-06,4.237831446040193e-06
420.2670076482150,4.017801611681297e-06,3.804546411510708e-06,3.633177206664133e-06,3.892191880100976e-06,3.793151471333862e-06
425.5231946219644,3.522131163803906e-06,3.335154424888113e-06,3.184951175783813e-06,3.411852778058947e-06,3.502291368654453e-06
430.8451195694314,3.277708156788455e-06,3.103688283884879e-06,2.963922656793338e-06,3.175011708522208e-06,3.353046680043457e-06
436.2336046609856,3.291967892038507e-06,3.117188301740428e-06,2.976815024119698e-06,3.188868995930916e-06,3.332234088257155e-06
441.6894823497007,3.524582719158783e-06,3.337463647453795e-06,3.187160412246749e-06,3.414332601614710e-06,3.427789861300619e-06
447.2135954999580,3.930656188005879e-06,3.721996816105405e-06,3.554359450957368e-06,3.807881944374451e-06,3.627967321570341e-06
452.8067975176578,4.461513489925277e-06,4.224692166467998e-06,4.034396047035685e-06,4.322333974038448e-06,3.919947994118046e-06
458.4699524820605,5.064496565079643e-06,4.795681886222523e-06,4.579652102429749e-06,4.906644564710171e-06,4.289761904645086e-06
464.2039352792755,5.682961705711981e-06,5.381323740883896e-06,5.138905353843819e-06,5.505906279718473e-06,4.722224082262771e-06
470.0096317374201,6.273138615251704e-06,5.940168223012960e-06,5.672575364026624e-06,6.077697313833808e-06,5.200868114961530e-06
475.8879387634688,6.818100598990521e-06,6.456189669680755e-06,6.165357051962520e-06,6.605628997944970e-06,5.707876631879432e-06
481.8397644818152,7.302718073518466e-06,6.915064879721965e-06,6.603570659104115e-06,7.075057399132403e-06,6.224008581320562e-06
487.8660283745639,7.710802637651532e-06,7.301468300355225e-06,6.972579084045547e-06,7.470313928070835e-06,6.728523168128387e-06
493.9676614235794,8.025052831913722e-06,7.599020679870206e-06,7.256738840509039e-06,7.774652851616560e-06,7.199100308463781e-06
500.1456062543132,8.226997461688523e-06,7.790235413951220e-06,7.439348812507347e-06,7.970196447874478e-06,7.611757454258717e-06
506.4008172814243,8.298606264535410e-06,7.858043441750595e-06,7.504106591454027e-06,8.039494515529292e-06,7.940762633609758e-06
512.7342608562262,8.244035668832059e-06,7.806380936446615e-06,7.454770592058822e-06,7.986579044859492e-06,8.158543902044150e-06
519.1469154159760,8.085261639369602e-06,7.656054729809375e-06,7.311211353276085e-06,7.832735894850869e-06,8.243699967387411e-06
525.6397716350298,7.846539804166343e-06,7.430030022933436e-06,7.095360672788087e-06,7.601458843216108e-06,8.202997793014376e-06
532.2138325778899,7.554142480494206e-06,7.153181423068984e-06,6.830973832454551e-06,7.318195008685041e-06,8.050699348068785e-06
538.8701138541659,7.236467673093125e-06,6.852396143493652e-06,6.543728154242157e-06,7.010450425279843e-06,7.802366572193779e-06
545.6096437754728,6.923611043946494e-06,6.556168753343053e-06,6.260835984065299e-06,6.707375456386954e-06,7.474933332732144e-06
552.4334635142927,6.632526651884403e-06,6.280551599895992e-06,5.997627281616131e-06,6.425391640385334e-06,7.086780727372828e-06
559.3426272648239,6.363949155122194e-06,6.026240800377154e-06,5.754766728997723e-06,6.165210567560246e-06,6.657815875283687e-06
566.3382024058383,6.117698140182237e-06,5.793066144030097e-06,5.532091651687329e-06,5.926657494412163e-06,6.209554345613337e-06
573.4212696655793,5.893536759353322e-06,5.580804039247164e-06,5.329388386175092e-06,5.709503010670841e-06,5.765206378318860e-06
580.5929232887205,5.691168044617004e-06,5.389174026366273e-06,5.146388949129703e-06,5.513459468640401e-06,5.349767058593008e-06
587.8542712054142,5.510231039042390e-06,5.217835117774507e-06,4.982767541616538e-06,5.338177235727794e-06,4.990109919538217e-06
595.2064352024497,5.350296737599334e-06,5.066381957702253e-06,4.838136881093621e-06,5.183240762356793e-06,4.707953785905880e-06
602.6505510965574,5.210863829005118e-06,4.934340793774665e-06,4.712044353608059e-06,5.048164457145001e-06,4.501418453632292e-06
610.1877689098774,5.091354229872220e-06,4.821165252058520e-06,4.603967978301653e-06,4.932388360884943e-06,4.362806822886065e-06
617.8192530476239,4.991108390511672e-06,4.726231896045040e-06,4.513312165549038e-06,4.835273599329055e-06,4.283703944209880e-06
625.5461824779705,4.909195524806844e-06,4.648660261790470e-06,4.439235911516308e-06,4.755918538086503e-06,4.254937045071547e-06
633.3697509141866,4.843914141300952e-06,4.586839178031862e-06,4.380200598167775e-06,4.692674907468279e-06,4.266533693142334e-06
641.2911669990508,4.793251250536669e-06,4.538862286865376e-06,4.334385759591592e-06,4.643592673990041e-06,4.307678016528120e-06
649.3116544915698,4.755011522100590e-06,4.502650548257916e-06,4.299806027968543e-06,4.606545165684900e-06,4.366664897918030e-06
657.4324524560374,4.726807201166021e-06,4.475942690722121e-06,4.274302014492597e-06,4.579219303989840e-06,4.430852056224755e-06
665.6548154534494,4.706047556365836e-06,4.456285218147371e-06,4.255530766444883e-06,4.559105381619001e-06,4.486609925765248e-06
673.9800137353202,4.689927838958775e-06,4.441021953811566e-06,4.240955782300784e-06,4.543486367013862e-06,4.520687903325030e-06
682.4093334399224,4.675417732434408e-06,4.427283101823593e-06,4.227836566009889e-06,4.529426715167678e-06,4.530345529685818e-06
690.9440767909745,4.659249270851029e-06,4.411973805440526e-06,4.213217700818997e-06,4.513760663797309e-06,4.518266992080962e-06
699.5855622988215,4.637915237261002e-06,4.391772630302620e-06,4.193927400817531e-06,4.493090681830443e-06,4.487417926478404e-06
708.3351249641269,4.609148040336077e-06,4.364532099567253e-06,4.167914941140869e-06,4.465220093290183e-06,4.441026444581108e-06
717.1941164841139,4.573571121704102e-06,4.330842620175243e-06,4.135744117275236e-06,4.430752835893075e-06,4.382597556392418e-06
726.1639054613852,4.532237097894871e-06,4.291701038310203e-06,4.098366850019129e-06,4.390708598979095e-06,4.315928261246756e-06
735.2458776153552,4.486289782208658e-06,4.248190565156671e-06,4.056817533014141e-06,4.346195415805190e-06,4.245123335841823e-06
744.4414359963259,4.436969165908051e-06,4.201485494180613e-06,4.012217537436162e-06,4.298414488911771e-06,4.174604313305685e-06
753.7520012022401,4.385616629669722e-06,4.152856136470388e-06,3.965779924919917e-06,4.248665238545967e-06,4.107697394437309e-06
763.1790115981485,4.333680395112111e-06,4.103673983434012e-06,3.918814377593798e-06,4.198350583650489e-06,4.044805053368041e-06
772.7239235384146,4.282721222984658e-06,4.055417103089520e-06,3.872732351180689e-06,4.148982461797777e-06,3.985929527641626e-06
782.3882115917066,4.234105767464590e-06,4.009379740591935e-06,3.828769763231364e-06,4.101884776692382e-06,3.931065413703330e-06
792.1733687687973,4.188113789532720e-06,3.965826831866231e-06,3.787179611067948e-06,4.057328541761587e-06,3.880199132816352e-06
802.0809067532192,4.144759389160436e-06,3.924771726512107e-06,3.747974644357970e-06,4.015327420677543e-06,3.833308369934576e-06
812.1123561347956,4.104052570719448e-06,3.886223895345668e-06,3.711163909008048e-06,3.975891109886348e-06,3.790361484326660e-06
822.2692666461007,4.065998939829048e-06,3.850188643300408e-06,3.676752473016461e-06,3.939025044949978e-06,3.751316890695891e-06
832.5532074018732,4.030599384584619e-06,3.816666807536643e-06,3.644741138201396e-06,3.904730091758530e-06,3.716122409488019e-06
842.9657671414240,3.997849740466004e-06,3.785654440095140e-06,3.615126137170567e-06,3.873002221933336e-06,3.684714585024722e-06
853.5085544740773,3.967740438194780e-06,3.757142474402674e-06,3.587898814871197e-06,3.843832171712908e-06,3.657017970043639e-06
864.1831981276800,3.940256133778976e-06,3.731116374908433e-06,3.563045294031768e-06,3.817205083584062e-06,3.632944375167041e-06
874.9913472002198,3.915375319951834e-06,3.707555769099838e-06,3.540546123778047e-06,3.793100129889686e-06,3.612392081759772e-06
885.9346714145889,3.893069918178139e-06,3.686434061115111e-06,3.520375910675971e-06,3.771490117612533e-06,3.595245016573373e-06
897.0148613765392,3.873304850367087e-06,3.667718026137161e-06,3.502502931422802e-06,3.752341073500990e-06,3.581371886506920e-06
908.2336288358538,3.856037589394932e-06,3.651367384719502e-06,3.486888726375519e-06,3.735611808668121e-06,3.570625271746107e-06
919.5927069507935,3.841217687503176e-06,3.637334356159465e-06,3.473487673071660e-06,3.721253461758994e-06,3.562840675470317e-06
931.0938505558513,3.828786281599386e-06,3.625563189997329e-06,3.462246538862771e-06,3.709209019743870e-06,3.557835528242789e-06
942.7388364328457,3.818675574447345e-06,3.615989674681708e-06,3.453104011744103e-06,3.699412815355639e-06,3.555408145121371e-06
954.5294635854156,3.810808290691172e-06,3.608540622401768e-06,3.445990208426203e-06,3.691790000149225e-06,3.555336633446570e-06
966.4675535169423,3.805097106614503e-06,3.603133329045533e-06,3.440826158654612e-06,3.686255992118423e-06,3.557377749179710e-06
978.5549505119491,3.801444052490315e-06,3.599675008200500e-06,3.437523264742758e-06,3.682715896761597e-06,3.561265699576641e-06
990.7935219210200,3.799739886329765e-06,3.598062198068031e-06,3.435982735240442e-06,3.681063900441921e-06,3.566710889891720e-06
1003.185158449282,3.799863437789320e-06,3.598180140116525e-06,3.436094991615894e-06,3.681182634840276e-06,3.573398611712294e-06
1015.731774448494,3.801680920944327e-06,3.599902128249923e-06,3.437739046783157e-06,3.682942511249397e-06,3.580987670425831e-06
1028.435308212792,3.805045214584038e-06,3.603088827217816e-06,3.440781854258524e-06,3.686201023406408e-06,3.589108949219702e-06
1041.297722278131,3.809795108627898e-06,3.607587558941116e-06,3.445077626679769e-06,3.690802017507375e-06,3.597363906907519e-06
1054.321003725470,3.815754515205387e-06,3.613231555372778e-06,3.450467122369983e-06,3.696574927991810e-06,3.605323221794300e-06
1067.507164487752,3.822731642882012e-06,3.619839176456543e-06,3.456776898573762e-06,3.703333977627243e-06,3.612644427283830e-06
1080.858241660722,3.830518132451859e-06,3.627213091687792e-06,3.463818529937325e-06,3.710877340363705e-06,3.619282660710027e-06
1094.376297817637,3.838907549077051e-06,3.635157795287483e-06,3.471405332154526e-06,3.719005051417244e-06,3.625244809173676e-06
1108.063421327899,3.847790889232466e-06,3.643570066925412e-06,3.479438734955790e-06,3.727611508626267e-06,3.630539561071058e-06
1121.921726679690,3.857091770101148e-06,3.652377585660257e-06,3.487849669837597e-06,3.736622701174139e-06,3.635177522200695e-06
1135.953354806628,3.866727322161571e-06,3.661501888987646e-06,3.496563202809925e-06,3.745958332660399e-06,3.639171337592624e-06
1150.160473418517,3.876607782429010e-06,3.670857987706770e-06,3.505498166585796e-06,3.755531426974400e-06,3.642535819312061e-06
1164.545277336231,3.886636122538686e-06,3.680354013794020e-06,3.514566824282621e-06,3.765247967906443e-06,3.645288080499686e-06
1179.109988830787,3.896707659732812e-06,3.689890852090308e-06,3.523674517664758e-06,3.775006522192690e-06,3.647447675921697e-06
1193.856857966654,3.906709650024932e-06,3.699361755114106e-06,3.532719299270223e-06,3.784697845289656e-06,3.649036749314082e-06
1208.788162949362,3.916520862785324e-06,3.708651940284248e-06,3.541591547737795e-06,3.794204469145586e-06,3.650080187817279e-06
1223.906210477460,3.926011135960515e-06,3.717638168807409e-06,3.550173565622908e-06,3.803400271206081e-06,3.650605783809688e-06
1239.213336098865,3.935040911107953e-06,3.726188305454882e-06,3.558339158961803e-06,3.812150023860423e-06,3.650644404461156e-06
1254.711904571676,3.943460747393677e-06,3.734160858421860e-06,3.565953197813406e-06,3.820308923502859e-06,3.650230169340816e-06
1270.404310229507,3.951110813666243e-06,3.741404498429653e-06,3.572871156977112e-06,3.827722098349547e-06,3.649400636427413e-06
1286.292977351369,3.957820357684266e-06,3.747757556197311e-06,3.578938636052171e-06,3.834224094117138e-06,3.648196996884574e-06
1302.380360536203,3.963407151537543e-06,3.753047497373716e-06,3.583990857970644e-06,3.839638336632722e-06,3.646664278978287e-06
1318.668945082073,3.967676912262988e-06,3.757090373984496e-06,3.587852145100732e-06,3.843776570407274e-06,3.644851561529434e-06
1335.161247370123,3.970422696616158e-06,3.759690251409880e-06,3.590335371980866e-06,3.846438272165620e-06,3.642812197310201e-06
1351.859815253322,3.971424268917252e-06,3.760638609869895e-06,3.591241393706914e-06,3.847410038285304e-06,3.640604046809990e-06
1368.767228450072,3.970447440846862e-06,3.759713719352029e-06,3.590358448955543e-06,3.846464945054463e-06,3.638286911926177e-06
1385.886098942749,3.967243382021394e-06,3.756679986873561e-06,3.587461536585687e-06,3.843361880614914e-06,3.635891898362995e-06
1403.219071381215,3.961608122909559e-06,3.751344294695512e-06,3.582366219834061e-06,3.837903199091931e-06,3.633430518660428e-06
1420.768823491390,3.953651631988357e-06,3.743810766359775e-06,3.575171933384829e-06,3.830195437573291e-06,3.630914884880599e-06
1438.538066488919,3.943605948238853e-06,3.734299103873625e-06,3.566088491417679e-06,3.820463409791467e-06,3.628358112829786e-06
1456.529545498022,3.931724724792611e-06,3.723049474251734e-06,3.555345252168559e-06,3.808952870845881e-06,3.625774376066329e-06
1474.746039975592,3.918284361265930e-06,3.710323581650215e-06,3.543192141816020e-06,3.795931614290222e-06,3.623178962387344e-06
1493.190364140569,3.903585257034549e-06,3.696405854009969e-06,3.529900787725299e-06,3.781690686399680e-06,3.620588332899522e-06
1511.865367408715,3.887953122655370e-06,3.681604684755598e-06,3.515765704270459e-06,3.766545656775450e-06,3.618020183783526e-06
1530.773934832805,3.871740351918602e-06,3.666253731901294e-06,3.501105533480221e-06,3.750837947692657e-06,3.615493510866030e-06
1549.918987548337,3.855327457115229e-06,3.650713277011158e-06,3.486264342844768e-06,3.734936224696106e-06,3.613028677117990e-06
1569.303483224805,3.839124570209947e-06,3.635371646561100e-06,3.471612982716084e-06,3.719237851050350e-06,3.610647483202594e-06
1588.930416522626,3.823573012719511e-06,3.620646698353346e-06,3.457550505833538e-06,3.704170408756782e-06,3.608373241201367e-06
1608.802819555776,3.809146937210135e-06,3.606987375742360e-06,3.444505651609386e-06,3.690193288960807e-06,3.606230851652010e-06
1628.923762360211,3.796355043446255e-06,3.594875332543212e-06,3.432938397916024e-06,3.677799354686959e-06,3.604246884037086e-06
1649.296353368152,3.785742372345993e-06,3.584826631610025e-06,3.423341583228178e-06,3.667516678959141e-06,3.602449660868198e-06
1669.923739888302,3.777892181026761e-06,3.577393520193335e-06,3.416242602088975e-06,3.659910361487218e-06,3.600869345516155e-06
1690.809108592056,3.773427902357528e-06,3.573166285311265e-06,3.412205176989230e-06,3.655584427230149e-06,3.599538033943750e-06
1711.955686005807,3.772960295296665e-06,3.572723214286509e-06,3.411781571002303e-06,3.655130622966242e-06,3.598489850504016e-06
1733.366739009408,3.776525556576573e-06,3.576098583828510e-06,3.415004520667845e-06,3.658584030951718e-06,3.597761047973438e-06
1755.045575340854,3.783768009787439e-06,3.582955634976487e-06,3.421552426003142e-06,3.665600067586696e-06,3.597390111996411e-06
1776.995544107294,3.794292152237747e-06,3.592919900530493e-06,3.431067676147120e-06,3.675795564636802e-06,3.597417870124284e-06
1799.220036302424,3.807666175762415e-06,3.605582538665138e-06,3.443159832955032e-06,3.688752180433674e-06,3.597887605639778e-06
1821.722485330348,3.823419954150888e-06,3.620498427391440e-06,3.457403811236229e-06,3.704014450054106e-06,3.598845176365129e-06
1844.506367536004,3.841042936953665e-06,3.637184170376107e-06,3.473337974339536e-06,3.721087744796631e-06,3.600339138660355e-06
1867.575202742208,3.859981945663239e-06,3.655116010327176e-06,3.490462141465782e-06,3.739436137076380e-06,3.602420876826264e-06
1890.932554793427,3.879638868101805e-06,3.673727646000023e-06,3.508235502939130e-06,3.758480166700530e-06,3.605144738135428e-06
1914.582032106344,3.899368246678081e-06,3.692407948716745e-06,3.526074439515095e-06,3.777594504321880e-06,3.608568173723322e-06
1938.527288227320,3.918474755998739e-06,3.710498574124523e-06,3.543350241643240e-06,3.796105507696842e-06,3.612751885581047e-06
1962.772022396812,3.936210565136018e-06,3.727291464744415e-06,3.559386724436273e-06,3.813288666195932e-06,3.617759979900784e-06
1987.319980120863,3.951772579662097e-06,3.742026238681152e-06,3.573457733924488e-06,3.828365928829702e-06,3.623657872503826e-06
2012.174953749743,3.964310992214938e-06,3.753898285313037e-06,3.584794878392957e-06,3.840513987972546e-06,3.630424468835862e-06
2037.340783063798,3.973403060450652e-06,3.762507340902551e-06,3.593015914588965e-06,3.849323275179429e-06,3.637915918640195e-06
2062.821355866679,3.979265634603802e-06,3.768058710855687e-06,3.598316913419815e-06,3.855003857730101e-06,3.645967845506875e-06
2088.620608585929,3.982185724404145e-06,3.770824127217003e-06,3.600957383108460e-06,3.857833772028617e-06,3.654402250130878e-06
2114.742526881128,3.982477805184358e-06,3.771101325809791e-06,3.601221665699474e-06,3.858117661705695e-06,3.663026775192652e-06
2141.191146259624,3.980485356357880e-06,3.769215502832694e-06,3.599420328118372e-06,3.856188268019228e-06,3.671633936435748e-06
2167.970552699967,3.976582471782995e-06,3.765520839516688e-06,3.595891618228970e-06,3.852407989894706e-06,3.680000318504494e-06
2195.084883283138,3.971175545094713e-06,3.760402097759938e-06,3.591002988675031e-06,3.847170516590763e-06,3.687885734046099e-06
2222.538326831687,3.964705033211955e-06,3.754276289777367e-06,3.585152691406397e-06,3.840902536097175e-06,3.695032344520821e-06
2250.335124556839,3.957647301358691e-06,3.747594424925863e-06,3.578771445908300e-06,3.834065522499591e-06,3.701163741100519e-06
2278.479570713716,3.950516553073889e-06,3.740843336995084e-06,3.572324184275797e-06,3.827157605677303e-06,3.705983983970206e-06
2306.976013264745,3.943866848826881e-06,3.734547595387950e-06,3.566311876403334e-06,3.820715526837633e-06,3.709198739588561e-06
2335.828854551362,3.938226136956741e-06,3.729207047290237e-06,3.561211881684903e-06,3.815250732666385e-06,3.710741840984757e-06
2365.042551974115,3.933661051967106e-06,3.724884779715723e-06,3.557084445812525e-06,3.810827784451980e-06,3.710701432738869e-06
2394.621618681287,3.930017771044027e-06,3.721435156370323e-06,3.553790479795319e-06,3.807297681961938e-06,3.709177656793650e-06
2424.570624266108,3.927127912312437e-06,3.718698756919313e-06,3.551177730215567e-06,3.804497322367533e-06,3.706281016233767e-06
2454.894195472704,3.924808688479444e-06,3.716502522461407e-06,3.549080918133671e-06,3.802249649145527e-06,3.702132965490596e-06
2485.597016910875,3.922862121852475e-06,3.714659012336710e-06,3.547321029300840e-06,3.800362891712892e-06,3.696866528311891e-06
2516.683831779802,3.921074223100017e-06,3.712965626607562e-06,3.545704571587541e-06,3.798629769941150e-06,3.690626944690585e-06
2548.159442600817,3.919214132209912e-06,3.711203792749456e-06,3.544022798230690e-06,3.796826662053775e-06,3.683572347995860e-06
2580.028711959324,3.917033220037118e-06,3.709138115029549e-06,3.542050895445503e-06,3.794712734348949e-06,3.675874473600567e-06
2612.296563256022,3.914264148767355e-06,3.706515484988328e-06,3.539547132888786e-06,3.792029031126631e-06,3.667713382523450e-06
2644.967981467491,3.910655325696226e-06,3.703097702298855e-06,3.536284017409661e-06,3.788531849128105e-06,3.659196291351842e-06
2678.048013916319,3.906172242811051e-06,3.698852103034548e-06,3.532230348013803e-06,3.784187769569118e-06,3.650372755997497e-06
2711.541771050845,3.900875123156823e-06,3.693835715339975e-06,3.527440581467320e-06,3.779055137643222e-06,3.641294985193169e-06
2745.454427234662,3.894830489774323e-06,3.688111532980324e-06,3.521974871314953e-06,3.773198401870008e-06,3.632019571468693e-06
2779.791221545988,3.888111267241109e-06,3.681748611523440e-06,3.515899159707097e-06,3.766688212492027e-06,3.622607728033998e-06
2814.557458587046,3.880797140167349e-06,3.674822407808572e-06,3.509285501570663e-06,3.759601768778356e-06,3.613125536556092e-06
2849.758509303544,3.872974928435683e-06,3.667415135270453e-06,3.502212403920790e-06,3.752023182549382e-06,3.603644206293137e-06
2885.399811814427,3.864738979902684e-06,3.659616135798163e-06,3.494765180962250e-06,3.744043858617986e-06,3.594240345067572e-06
2921.486872252000,3.856191581308780e-06,3.651522268836025e-06,3.487036325655913e-06,3.735762892870676e-06,3.584996242579851e-06
2958.025265612550,3.847443388174081e-06,3.643238318462688e-06,3.479125898453265e-06,3.727287488741804e-06,3.576000166584754e-06
2995.020636617615,3.838613874489207e-06,3.634877419214574e-06,3.471141933930632e-06,3.718733392864749e-06,3.567346672473390e-06
3032.478700586030,3.829831803043273e-06,3.626561501451115e-06,3.463200866084593e-06,3.710225350715875e-06,3.559136926826040e-06
3070.405244316857,3.821235717265423e-06,3.618421757091690e-06,3.455427973081098e-06,3.701897583100339e-06,3.551479045523943e-06
3108.806126983383,3.812974455491985e-06,3.610599126587891e-06,3.447957842283018e-06,3.693894284363293e-06,3.544488447031820e-06
3147.687281038287,3.805207688608431e-06,3.603244808029940e-06,3.440934856414427e-06,3.686370143246073e-06,3.538288221487786e-06
3187.054713130125,3.798106482053786e-06,3.596520789322492e-06,3.434513701754707e-06,3.679490887344155e-06,3.533009516262964e-06
3226.914505031285,3.791853883215293e-06,3.590600404403031e-06,3.428859899291862e-06,3.673433852162578e-06,3.528791938679870e-06
3267.272814577550,3.786645535282712e-06,3.585668914515536e-06,3.424150359802048e-06,3.668388575804866e-06,3.525783976606424e-06
3308.135876619394,3.782690318675026e-06,3.581924115593086e-06,3.420573963861513e-06,3.664557420373432e-06,3.524143437671359e-06
3349.510003985195,3.780211021197258e-06,3.579576972845669e-06,3.418332167837848e-06,3.662156221203044e-06,3.524037907876807e-06
3391.401588456485,3.779445038131971e-06,3.578852283693846e-06,3.417639636949745e-06,3.661414965094291e-06,3.525645230415051e-06
3433.817101755402,3.780645103518625e-06,3.579989370234906e-06,3.418724906528492e-06,3.662578498761134e-06,3.529154005528925e-06
3476.763096544491,3.784080053924579e-06,3.583242802476117e-06,3.421831072660105e-06,3.665907268755560e-06,3.534764112289013e-06
3520.246207438996,3.790035626064046e-06,3.588883153619381e-06,3.427216513434603e-06,3.671678094183358e-06,3.542687253195871e-06
3564.273152031851,3.798815289675985e-06,3.597197788733391e-06,3.435155642078261e-06,3.680184973577892e-06,3.553147522551949e-06
3608.850731931431,3.810741117128685e-06,3.608491688203134e-06,3.445939693296098e-06,3.691739927353838e-06,3.566381999585710e-06
3653.985833812336,3.826154691277860e-06,3.623088307402522e-06,3.459877544205210e-06,3.706673877319984e-06,3.582641367349837e-06
3699.685430479289,3.845418053166382e-06,3.641330474093994e-06,3.477296571295025e-06,3.725337564789687e-06,3.602190558456294e-06
3745.956581944346,3.868914691217627e-06,3.663581325119354e-06,3.498543544908286e-06,3.748102508889321e-06,3.625309428753519e-06
3792.806436517578,3.897050573640602e-06,3.690225284008858e-06,3.523985562796418e-06,3.775362006729283e-06,3.652293460095185e-06
3840.242231911408,3.930255225834036e-06,3.721669081200826e-06,3.554011024365334e-06,3.807532177168894e-06,3.683434377598400e-06
3888.271296358724,3.968189246338029e-06,3.757591315484186e-06,3.588313021885551e-06,3.844284187873956e-06,3.716939284718366e-06
3936.901049745011,4.005346507346748e-06,3.792777981254274e-06,3.621912602081653e-06,3.880283587487870e-06,3.746910266311745e-06
3986.139004754634,4.033751179790069e-06,3.819676401973548e-06,3.647597568364554e-06,3.907803232320139e-06,3.766561909649220e-06
4035.992768031443,4.044820903858973e-06,3.830159549515808e-06,3.657607264730362e-06,3.918528359638620e-06,3.768601932884215e-06
4086.470041353908,4.029339635150222e-06,3.815500330940044e-06,3.643608021707848e-06,3.903530280468344e-06,3.745204637504521e-06
4137.578622824957,3.977424576609999e-06,3.766340274841973e-06,3.596663254351487e-06,3.853234342602848e-06,3.687983155944347e-06
4189.326408076666,3.880813015872317e-06,3.674855027326598e-06,3.509301369831124e-06,3.759635417440497e-06,3.595815436846714e-06
4241.721391490044,3.764237655725551e-06,3.564464885790211e-06,3.403887385436000e-06,3.646694312769774e-06,3.499418695443216e-06
4294.771667430067,3.679775195327647e-06,3.484483248040619e-06,3.327512547882645e-06,3.564862678691350e-06,3.439973771625962e-06
4348.485431496151,3.684089980598776e-06,3.488567729894170e-06,3.331416559919468e-06,3.569036660149004e-06,3.461783872419355e-06
4402.870981788266,3.838076583434614e-06,3.634381709123671e-06,3.470664377521671e-06,3.718210626921430e-06,3.612438875921631e-06
4457.936720188906,4.207081332886242e-06,3.983804101774805e-06,3.804346533184941e-06,4.075691792119838e-06,3.942109340054172e-06
4513.691153661046,4.693270538882125e-06,4.444194740403044e-06,4.243996332373915e-06,4.546703633495069e-06,4.284197687212007e-06
4570.142895562380,4.393094549920629e-06,4.159960815831480e-06,3.972569174973364e-06,4.255915844239110e-06,4.085227416477648e-06
4627.300666975969,3.993890275034911e-06,3.781944639492777e-06,3.611577556415832e-06,3.869183438151333e-06,3.900362193751973e-06
4685.173298057543,4.703303689020850e-06,4.453686733375359e-06,4.253040432295482e-06,4.556425695247106e-06,4.057096650202900e-06
4743.769729399648,4.456573219770102e-06,4.220048344197581e-06,4.029934227130111e-06,4.317403162351510e-06,4.016162736654148e-06
4803.099013412843,3.867908273282658e-06,3.662630656579013e-06,3.497639512603732e-06,3.747135300337291e-06,3.893295686932115e-06
4863.170315724214,3.858003890808104e-06,3.653248578527289e-06,3.488676012280256e-06,3.737546548207180e-06,3.785205306637134e-06
4923.992916593308,4.064437247216729e-06,3.848721181760074e-06,3.675333842392455e-06,3.937533696677256e-06,3.694654204391411e-06
4985.576212345845,4.121875489995843e-06,3.903111675566748e-06,3.727271124366026e-06,3.993175295408746e-06,3.623873843313870e-06
5047.929716825322,4.033627854271185e-06,3.819552019121740e-06,3.647478055624220e-06,3.907679367171717e-06,3.575232617878295e-06
5111.063062862779,3.919996915026048e-06,3.711955629733156e-06,3.544732040998403e-06,3.797593644938966e-06,3.550724501783479e-06
5174.986003764953,3.840730923709554e-06,3.636897779968449e-06,3.473057541895382e-06,3.720801411200783e-06,3.548128468513639e-06
5239.708414821057,3.794271932844854e-06,3.592903656984132e-06,3.431046234741897e-06,3.675793087830036e-06,3.562853680439962e-06
5305.240294828356,3.776360387434772e-06,3.575940359278356e-06,3.414847043207419e-06,3.658441784896367e-06,3.589908289238098e-06
5371.591767636877,3.782356183760944e-06,3.581614681537613e-06,3.420264831622927e-06,3.664251918389059e-06,3.623892444534312e-06
5438.773083713412,3.807217704270817e-06,3.605153264792118e-06,3.442741450076361e-06,3.688338898230049e-06,3.658976344968740e-06
5506.794621725086,3.845479879639347e-06,3.641381825495520e-06,3.477335899959559e-06,3.725407873768708e-06,3.688877281170024e-06
5575.666890142721,3.891231236451346e-06,3.684703424185316e-06,3.518703582396882e-06,3.769731496498906e-06,3.706835627808519e-06
5645.400528864291,3.938089887254079e-06,3.729075732774267e-06,3.561074590452067e-06,3.815126658095364e-06,3.705589740152047e-06
5716.006310858614,3.979145887709426e-06,3.767956435749824e-06,3.598201571520689e-06,3.854898654122305e-06,3.677779119972325e-06
5787.495143829665,4.004950594988510e-06,3.792398184732770e-06,3.621540546129377e-06,3.879893839139056e-06,3.626982916813724e-06
5859.878071901670,4.002154688391600e-06,3.789758155040146e-06,3.619018627512348e-06,3.877180520380798e-06,3.569628309201820e-06
5933.166277325287,3.956143900854469e-06,3.746195395493588e-06,3.577418811643058e-06,3.832601693227862e-06,3.524053332992872e-06
6007.371082205117,3.851256852449631e-06,3.646877239678146e-06,3.482577085521462e-06,3.730986008500649e-06,3.509994477045164e-06
6082.503950248849,3.708229173439824e-06,3.511437473792309e-06,3.353242321537841e-06,3.592423066147829e-06,3.548660401595021e-06
6158.576488538222,3.675246704676376e-06,3.480200282657263e-06,3.323413687113789e-06,3.560474357069021e-06,3.662809012122708e-06
6235.600449322201,3.938100213722146e-06,3.729100139467394e-06,3.561095513053546e-06,3.815132541490538e-06,3.876828030610742e-06
6313.587731832538,4.696188332082964e-06,4.446957488346255e-06,4.246597277575390e-06,4.549573464599712e-06,4.216375785100160e-06
6392.550384122062,5.464721531601799e-06,5.174709008038231e-06,4.941560586718990e-06,5.294129210576883e-06,4.618779657307527e-06
6472.500604925943,4.820787041979233e-06,4.564943636302021e-06,4.359316550491231e-06,4.670276224967136e-06,4.706976303774085e-06
6553.450745546244,4.400586954395230e-06,4.167037200169902e-06,3.979322002750830e-06,4.263175361947487e-06,4.228601070771027e-06
6635.413311760064,4.214603579679268e-06,3.990919737290656e-06,3.811107757164933e-06,4.082987596902896e-06,3.748425392284844e-06
6718.400965751483,3.976649462736532e-06,3.765593166605953e-06,3.595940288052953e-06,3.852457762822779e-06,3.618716312262759e-06
6802.426528067737,3.763718450998816e-06,3.563963937039746e-06,3.403422948200324e-06,3.646177339852940e-06,3.659467363518178e-06
6887.502979599826,3.708907030980168e-06,3.512063291860499e-06,3.353878837149785e-06,3.593089546414638e-06,3.628480178855001e-06
6973.643463587896,3.937653199648553e-06,3.728670251856980e-06,3.560706915488385e-06,3.814716860789625e-06,3.368217737720100e-06
7060.861287651698,4.306545898198232e-06,4.077982011479664e-06,3.894249376618097e-06,4.172102821903866e-06,4.008052938236414e-06
7149.169925846478,4.448922779324362e-06,4.212793747575783e-06,4.023003254196384e-06,4.310000352684442e-06,5.680326514292545e-06
7238.583020744501,4.042405372226067e-06,3.827847866186269e-06,3.655415334664968e-06,3.916142460608367e-06,2.983009237420979e-06
7329.114385542688,5.222662701475426e-06,4.945475634737558e-06,4.722674999434204e-06,5.059570711896063e-06,5.492692822673199e-06
7420.778006196578,5.962659693240458e-06,5.646210105391575e-06,5.391841007491137e-06,5.776472262382762e-06,5.295878482049108e-06
7513.588043580974,3.754023384843457e-06,3.554796371772138e-06,3.394647840827990e-06,3.636768543580768e-06,3.341185820996581e-06
7607.558835677617,3.668197991683368e-06,3.473506705322365e-06,3.317039756131954e-06,3.553665629995263e-06,3.735848811826798e-06
7702.704899790255,4.447241607989798e-06,4.211251683727116e-06,4.021522759696281e-06,4.308417592154049e-06,4.018866398711765e-06
7799.040934787334,4.312192759829361e-06,4.083325951224491e-06,3.899385959733602e-06,4.177554186014884e-06,3.821756512798132e-06
7896.581823372820,3.933455584141756e-06,3.724696307353956e-06,3.556894349126796e-06,3.810650486314362e-06,3.681037315453661e-06
7995.342634385384,3.940812556430353e-06,3.731669615515133e-06,3.563532439789604e-06,3.817756330455471e-06,3.808387566341011e-06
8095.338625126346,4.177339323107679e-06,3.955642305407375e-06,3.777409501726810e-06,4.046878850167854e-06,3.974119934615997e-06
8196.585243716725,4.430298993348936e-06,4.195164331690519e-06,4.006166620139708e-06,4.291961527476678e-06,3.924316496133673e-06
8299.098131483817,4.114038072034339e-06,3.895671340982371e-06,3.720196374256456e-06,3.985588328532915e-06,3.686434295970904e-06
8402.893125377532,3.399346180213398e-06,3.218912825054733e-06,3.073904146093526e-06,3.293153640192660e-06,3.654426888647640e-06
8507.986260417032,6.585703549517451e-06,6.236206586015893e-06,5.955253217544835e-06,6.380187559415488e-06,4.190095350725078e-06
8614.393772167939,4.316769741549988e-06,4.087661815713461e-06,3.903532657714871e-06,4.181980976466028e-06,3.696708601346617e-06
8722.132099250519,4.367988182168097e-06,4.136241493348821e-06,3.949836596272314e-06,4.231611106333250e-06,4.376658630724821e-06
8831.217885879241,5.137430883531367e-06,4.864796590935363e-06,4.645657907141639e-06,4.977066576391336e-06,4.148909266265479e-06
8941.667984434100,3.885715188445525e-06,3.679517850596996e-06,3.513719793106665e-06,3.764397203343257e-06,3.900860037019250e-06
9053.499458064116,4.232379869941624e-06,4.007751192078909e-06,3.827215955344153e-06,4.100216075051224e-06,4.074866365540588e-06
9166.729583323342,4.319601157119237e-06,4.090406298383177e-06,3.906038569023260e-06,4.184661471095341e-06,4.348534456584720e-06
9281.375852839890,4.554959933075965e-06,4.313190451837988e-06,4.118929776871048e-06,4.412707761469597e-06,4.487389892229415e-06
9397.455978018328,3.812909284098479e-06,3.610572681321888e-06,3.447916026585990e-06,3.693792992188363e-06,3.792677736046813e-06
9514.987891775861,4.373379637116117e-06,4.141267914037690e-06,3.954736726096352e-06,4.236697368608573e-06,4.436245020783928e-06
9633.989751312734,6.282371276474610e-06,5.948953036540950e-06,5.680984119102132e-06,6.086177996850426e-06,6.219965356491625e-06
9754.479940917328,5.495113408906707e-06,5.203441931325358e-06,4.969035691436875e-06,5.323567894878124e-06,4.615180939815693e-06
9876.477074806244,4.554803293300265e-06,4.313088563515628e-06,4.118771264343600e-06,4.412627529029611e-06,4.028846182433270e-06
